-43.3717732558,-27.630025436,7.94220930232,-45.4664171512
-45.0706269742,-23.3272272993,9.08135019913,-42.2386217039
-37.8894806926,-25.1944291625,6.46049109595,-40.3608262567
-37.228334411,-24.3816310257,6.07963199276,-35.7030308094
-37.3171881295,-23.2788328889,7.12877288958,-36.0852353621
-33.2460418479,-22.5160347521,7.17791378639,-36.7374399149
-33.0548955663,-18.7032366153,7.8470546832,-33.0096444676
-38.2837492847,-16.2404384785,7.24619558002,-29.0618490203
-18.5926030031,-8.08764034174,8.51533647683,-25.6240535731
-25.8314567215,-16.5348422049,6.05447737365,-27.6662581258
-26.1503104399,-18.8320440682,5.74361827046,-29.3284626785
-21.4991641583,-20.1792459314,4.13275916727,-29.3306672313
-17.9780178768,-14.5864477946,4.74190006409,-23.032871784
-20.1168715952,-5.9736496578,7.0810409609,-16.6950763368
-19.7157253136,-7.89085152101,4.60018185772,-15.7372808895
-17.624579032,-12.5980533842,2.96932275453,-18.4294854422
-23.4534327504,-13.0352552474,0.868463651341,-23.081689995
-23.7522864688,-18.6824571106,-1.07239545184,-23.6738945477
-18.7411401872,-20.7096589739,-3.26325455503,-24.7760991005
-17.5599939056,-20.5868608371,-3.82411365822,-24.2183036532
-16.1588476241,-21.6940627003,-3.8649727614,-22.8205082059
-21.8077013425,-18.9612645635,-3.48583186459,-20.4327127587
-19.4165550609,-13.4784664267,-2.28669096778,-13.9349173114
-14.4554087793,-6.47566828992,-0.427550070961,-12.2471218641
-4.4742624977,-11.3828701531,-1.20840917415,-10.8393264169
-9.59311621612,-8.96007201634,0.020731722665,-6.42153096962
-4.25196993453,-5.05727387955,-1.05012738052,-0.213735522349
3.16917634706,-1.61447574276,-2.53098648371,-0.885940075088
0.350322628645,3.69832239402,-1.14184558689,1.76185537218
4.59146891023,5.22112053081,-0.0727046900793,6.58965081944
1.87261519182,-2.4560813324,-3.11356379326,1.8374462667
0.563761473411,-2.51328319561,-3.85442289645,3.48524171396
-3.205092245,-2.13048505882,-4.23528199964,0.553037161226
0.386054036586,4.25231307796,-2.35614110282,-1.34916739151
0.0272003181708,7.25511121475,-0.477000206009,3.50862805575
1.63834659976,2.56790935154,-1.6578593092,1.20642350301
3.05949288135,7.72070748833,-1.59871841238,5.51421895028
5.10063916293,8.59350562512,-0.919577515568,13.1920143975
8.89178544452,13.4563037619,0.439563381246,16.6498098448
10.7929317261,10.7391018987,1.35870427806,16.3976052921
11.7340780077,14.2519000355,1.41784517487,17.7154007393
13.7152242893,9.07469817227,-2.20301392831,11.3631961866
14.4963705709,9.95749630906,-1.8838730315,11.8009916338
11.6375168525,13.7202944458,-1.66473213468,13.8987870811
16.9786631341,14.1930925826,-2.40559123787,16.7765825284
14.3098094156,12.9058907194,-3.04645034106,21.3043779756
19.7409556972,10.0586888562,-4.05730944424,16.8021734229
16.5021019788,10.731486993,-4.56816854743,15.5299688702
21.9732482604,13.4742851298,-5.05902765062,18.5577643174
19.314394542,12.4270832666,-6.4498867538,19.7155597647
17.6155408236,11.4998814034,-5.17074585699,22.303355212
22.4666871052,9.76267954015,-4.66160496017,22.3211506592
22.3678333867,15.8454776769,-4.28246406336,24.6589461065
18.5289796683,15.3682758137,-4.73332316655,22.5767415537
21.9001259499,18.7010739505,-2.20418226973,26.724537001
18.4812722315,17.8638720873,-0.63504137292,30.2923324483
24.8724185131,15.7466702241,-1.88590047611,30.3801278955
27.7535647947,16.0694683609,-2.49675957929,30.3679233428
26.1147110763,19.1422664977,-1.10761868248,33.2257187901
27.7958573579,23.5550646345,-0.108477785665,35.4335142373
28.3470036395,17.6378627712,-0.81933688885,29.3013096846
26.448149921,18.400660908,-1.00019599204,28.2691051318
27.5192962026,19.3034590448,-1.45105509522,29.9869005791
27.3404424842,21.7462571816,-2.36191419841,28.1646960264
28.7915887658,16.2790553184,-4.60277330159,27.1124914736
25.3627350474,14.2818534552,-4.46363240478,26.4802869209
26.933881329,13.994651592,-4.91449150797,27.4980823682
33.2550276106,14.8974497288,-4.39535061115,28.1858778154
28.2461738922,22.7502478655,-1.89620971434,30.4136732627
33.9173201737,21.9830460023,-0.557068817527,29.2414687099
33.8084664553,14.8358441391,-2.63792792071,24.9992641572
32.9596127369,18.7086422759,-1.9587870239,25.9470596045
26.1107590185,21.3514404127,-1.80964612709,28.9848550517
26.9619053001,13.4942385495,-5.34050523027,26.852650499
30.4230515817,14.2370366863,-5.81136433346,28.5004459463
23.4241978633,15.2598348231,-3.80222343664,26.2582413935
28.2953441448,15.1326329599,-4.22308253983,24.8460368408
30.5564904264,12.0954310966,-5.00394164302,24.973832288
28.137636708,19.1282292334,-4.2848007462,28.5416277353
24.5187829896,17.8610273702,-3.81565984939,26.7694231826
23.0799292712,17.393825507,-2.18651895257,24.1072186298
26.2610755528,14.1866236438,-2.87737805576,22.1050140771
26.6522218344,16.2694217806,-2.23823715895,22.0328095244
27.193368116,22.0222199174,-2.34909626213,25.6906049716
26.1345143976,14.9250180542,-2.36995536532,22.9884004189
27.7056606791,15.6478161909,-0.0908144685036,22.3561958661
29.9368069607,18.9006143277,-0.0216735716913,25.0539913134
20.0779532423,18.2134124645,-0.802532674878,22.2317867607
26.8290995239,15.8062106013,-1.45339177806,22.0395822079
22.9102458055,9.86900873809,-0.824250881251,18.2173776552
25.6813920871,13.6318068749,1.18489001556,15.9251731025
23.0225383687,11.1146050117,-0.605969087623,13.7329685497
21.9636846503,11.8374031485,-0.296828190809,14.130763997
19.1248309318,12.1602012852,-0.737687293995,16.5985594442
18.9059772134,10.922999422,1.20145360282,14.1163548915
10.627123495,10.0557975588,2.01059449963,8.25415033876
10.3882697766,5.87859569561,-0.500264603554,5.25194578603
10.6294160582,0.7013938324,-2.35112370674,1.12974123329
9.28056233978,3.37419196919,-1.45198280993,4.45753668055
0.541708621364,-0.0430098940251,-1.39284191311,1.49533212782
0.92285490295,-1.37021175724,1.4062989837,-1.85687242492
7.53400118454,-0.77741362045,-0.254560119483,-2.21907697766
-1.51485253387,-3.63461548366,-1.88541922267,-4.3712815304
-0.763706252284,-5.59181734687,-0.606278325857,-6.30348608314
-7.8725599707,-9.71901921008,-1.09713742904,-9.10569063587
-5.88141368911,-13.8662210733,-2.73799653223,-9.82789518861
-11.9602674075,-10.8834229365,1.18114436458,-9.74009974135
-17.7091211259,-11.3306247997,0.510285261398,-12.2723042941
-19.6779748443,-11.0678266629,1.53942615821,-13.2645088468
-19.7868285628,-10.9050285261,3.07856705502,-13.7567133996
-16.9056822812,-13.4922303894,1.62770795184,-15.7589179523
-24.2645359996,-15.7694322526,3.54684884865,-22.941122505
-23.793389718,-13.6966341158,3.87598974547,-23.5933270578
-21.0022434364,-17.063835979,3.32513064228,-24.7555316105
-27.6710971548,-19.5410378422,2.7642715391,-27.6277361632
-23.5999508732,-17.8582397054,1.51341243591,-28.729940716
-27.8988045916,-17.5354415686,3.34255333272,-30.5921452687
-34.3076583101,-24.7926434318,1.89169422954,-32.2243498215
-36.6365120285,-22.0998452951,1.69083512635,-33.9365543742
-40.0853657469,-25.5370471583,3.51997602316,-40.3087589269
-41.8242194653,-24.8542490215,4.61911691998,-39.6909634797
-48.3330731837,-29.4514508847,2.39825781679,-45.0131680324
-51.2819269021,-25.6886527479,4.56739871361,-43.3853725851
-51.6407806205,-22.0858546111,6.13653961042,-41.4275771379
-51.1296343389,-27.3230564743,6.40568050723,-43.6497816906
-54.2584880574,-30.3302583375,7.31482140405,-45.6919862434
-50.6173417758,-27.2874602007,8.83396230086,-47.1941907961
-55.2461954942,-26.854662064,8.95310319767,-47.0463953488
1.18361191861,1.97120276163,-25.009909157,2.510625
4.98338771517,-2.91998743934,-23.8159280581,-1.5004441437
5.35316351173,-0.171177640308,-23.2519469591,-2.31151328741
3.54293930828,0.597632158724,-22.5879658602,0.317417568891
1.97271510484,0.306441957751,-22.0439847613,0.37634842519
3.5324909014,1.15525175678,-21.6300036623,-1.77472071851
8.00226669795,8.13406155581,-18.8660225634,4.71421013779
5.09204249451,4.81287135484,-20.0420414645,4.90314099409
6.52181829107,4.68168115387,-18.6480603656,4.58207185039
4.86159408763,3.2904909529,-16.8640792666,5.67100270669
5.95136988418,5.01930075193,-15.8300981677,-0.330066437011
6.10114568074,4.10811055096,-14.3661170688,0.0888644192892
9.2109214773,5.00692034999,-13.1921359698,2.46779527558
8.20069727385,3.86573014902,-11.9981548709,4.93672613188
1.47047307041,5.03453994805,-9.23417377198,4.48565698818
12.040248867,11.1833497471,-8.06019267305,8.81458784448
11.6300246635,6.42215954611,-7.60621157412,9.29351870078
1.76980046008,6.34096934513,-6.12223047519,8.10244955708
6.90957625664,1.17977914416,-7.69824937626,2.68138041338
6.4793520532,-0.741411056806,-8.39426827733,-3.91968873032
4.86912784976,3.30739874222,-9.17028717841,-4.71075787402
-0.121096353687,-2.10379145875,-7.63630607948,-2.80182701772
-0.771320557131,-3.48498165972,-7.58232498055,-6.90289616142
0.898455239429,2.10382813931,-4.43834388162,-4.47396530512
-2.63176896401,1.42263793834,-3.00436278269,-4.07503444882
1.73800683254,2.87144773737,-2.81038168376,-3.05610359252
7.5477826291,4.3102575364,-2.50640058483,2.45282726378
3.23755842566,4.99906733543,-2.7924194859,5.19175812007
2.15733422221,-1.90212286554,-4.83843838697,2.35068897637
1.65711001877,1.56668693349,-3.34445728805,0.569619832673
7.24688581533,2.42549673252,-3.18047618912,0.428550688972
1.51666161189,-0.575693468454,-1.87649509019,-2.28251845473
3.30643740844,0.0531163305768,-1.05251399126,2.03641240157
-0.813786794999,1.2219261296,1.08146710767,2.29534325787
3.13598900156,3.71073592864,1.8054482066,2.69427411417
4.63576479811,5.44954572766,2.27942930553,4.49320497047
-0.424459405327,1.56835552669,3.01341040446,2.23213582677
2.21531639123,9.72716532572,6.17739150338,5.19106668307
5.00509218779,6.40597512475,6.67137260231,6.92999753937
5.75486798435,6.58478492378,6.90535370124,7.40892839567
7.0046437809,10.9635947228,7.02933480017,9.58785925197
7.36441957746,13.8524045218,10.1733158991,10.2767901083
11.044195374,14.1712143209,12.347296998,14.5757209646
7.42397117057,9.6600241199,11.941278097,12.9846518209
6.36374696713,17.5988339189,14.0752591959,15.3835826772
6.41352276369,13.327643718,13.4592402948,15.3125135335
5.26329856025,12.726453517,14.4532213937,15.8614443898
7.18307435681,9.04526331602,13.2972024927,8.05037524606
6.77285015336,11.394073115,13.3111835916,10.6393061024
6.35262594992,5.07288291408,12.3151646905,5.45823695866
2.88240174648,1.74169271311,12.3491457895,1.78716781496
-1.79782245696,6.98050251214,16.5831268884,3.58609867126
-6.89804666041,5.34931231117,15.8571079873,1.00502952755
-2.71827086385,-4.4118778898,12.9410890862,-3.38603961614
-4.1284950673,-6.80306809078,14.2050701852,-6.58710875985
-5.42871927074,-0.924258291745,15.0890512841,-3.73817790355
-5.24894347418,0.194551507284,16.643032383,-0.189247047245
-10.4891676776,-8.73663869369,14.867013482,-6.08031619095
-9.72939188106,-11.3278288947,12.2109945809,-9.95138533465
-4.67961608451,-4.63901909563,14.5749756798,-4.13245447835
-1.68984028795,7.6997907034,20.3989567787,1.24647637795
-2.08006449139,6.02860050243,24.0329378777,2.08540723425
-5.99028869484,-3.45258969854,19.1469189766,-4.75566190945
-10.3105128983,-10.9537798995,13.5709000755,-5.12673105315
-4.43073710172,-6.25497010048,15.1848811745,-5.46780019685
-8.39096130516,-16.0961603015,13.8388622734,-8.65886934055
-12.2611855086,-4.10735050242,17.3128433723,-5.97993848425
-13.031409712,-19.3885407034,15.3368244712,-11.551007628
-13.2816339155,-5.99973090436,17.4008055702,-5.71207677166
-13.4818581189,-20.9309211053,9.60478666911,-13.2531459154
-13.3320823224,-14.0421113063,12.508767768,-6.80421505906
-15.9223065258,-12.1133015073,15.152748867,-7.61528420275
-9.56253072926,-14.9044917082,13.5967299659,-12.2963533465
-14.4827549327,-1.20568190922,19.4907110648,-3.62742249016
-14.7929791361,-6.45687211019,14.8946921638,-5.67849163386
-14.7332033396,-17.1080623112,10.0286732627,-10.5595607776
-9.73342754303,-21.7392525121,9.73265436161,-11.8206299213
-17.4436517465,-10.8504427131,13.2966354605,-9.43169906496
-18.7938759499,-16.5216329141,11.2506165595,-8.93276820866
-14.6641001534,-17.252823115,11.6645976584,-6.86383735236
-14.5943243568,-14.754013316,11.4785787573,-9.10490649606
-15.0045485602,-2.13520351698,16.1325598563,-6.13597563977
-7.76477276369,-2.53639371795,13.9365409552,-7.40704478347
-9.26499696713,-22.5375839189,5.54052205411,-16.1481139272
-12.6852211706,-33.6887741199,5.61450315304,-19.4691830709
-17.745445374,-13.3499643209,10.498484252,-7.27025221457
-20.2456695775,-22.7511545218,10.9424653509,-13.9013213583
-23.5858937809,-17.5423447228,14.0964464498,-16.232390502
-14.2861179843,-26.2335349238,4.50042754876,-19.8134596457
-17.5063421878,-24.0647251247,5.45440864768,-19.4245287894
-22.6965663912,-14.7859153257,6.97838974661,-14.7155979331
-20.8967905947,-10.3571055267,5.83237084554,-10.9966670768
-16.1170147981,-15.7882957277,6.08635194447,-13.4177362205
-5.60723900156,-7.32948592863,8.4703330434,-7.87880536417
-5.347463205,-8.6006761296,6.22431414233,-5.33987450787
-3.02768740844,-18.1418663306,-0.921704758744,-8.50094365158
-3.98791161189,-1.60305653154,4.14227634018,-2.72201279528
-6.98813581533,-6.94424673251,3.52625743911,-2.28308193897
-2.67836001877,-13.1554369335,0.790238538042,-6.83415108268
-5.54858422222,-5.03662713445,1.76421963697,-7.24522022638
-4.91880842566,-1.29781733542,2.7282007359,-2.89628937008
-7.3190326291,-9.53900753639,-0.897818165169,-5.40735851378
-4.03925683254,-5.36019773736,0.966162933759,-4.25842765748
1.82051896401,2.08861206167,0.910144032687,-0.489496801183
2.71029476057,0.567421860698,-3.81587486838,1.93943405512
3.98007055713,6.56623165973,-3.51189376946,4.45836491142
-1.19015364631,2.98504145876,-3.07791267053,2.01729576772
2.15962215024,-5.99614874221,-8.5939315716,-3.04377337598
-1.1506020532,1.11266105682,-5.51995047267,0.135157480316
0.139173743359,6.46147085585,-6.95596937374,4.17408833661
9.63894953992,2.04028065487,-8.91198827481,2.49301919292
13.8787253365,8.0990904539,-7.91800717588,4.22195004921
8.55850113303,1.97790025293,-10.724026077,3.32088090551
7.90827692959,-6.64328994804,-15.740044978,-1.05018823819
10.9680527261,5.04551985099,-15.3960638791,3.47874261811
6.46782852271,11.80432965,-15.7020827802,8.90767347441
10.1476043193,5.59313944905,-17.0481016812,5.00660433071
9.49738011582,11.2019492481,-17.1341205823,8.57553518701
16.9171559124,17.4207590471,-17.3401394834,12.1144660433
12.7369317089,18.4295688461,-17.6861583845,13.4933968996
15.7967075055,19.0783786452,-19.5321772855,14.6223277559
20.616483302,12.0871884442,-22.5881961866,11.2412586122
17.5562590986,20.3159982432,-21.3242150877,13.2201894685
23.7360348952,21.8348080423,-23.2802339887,11.5791203248
37.3958106917,29.1936178413,-23.0162528898,20.3580511811
32.9155864883,38.4924276403,-24.1922717909,26.6469820374
19.2153622848,33.4212374393,-27.3782906919,21.0059128937
19.9251380814,25.8300472384,-32.014309593,19.25484375
36.5963735465,34.5265188954,-4.35797965117,48.2356940407
29.3178959611,31.6617004383,-2.17573538501,40.5670081601
26.8094183758,37.6268819813,0.536508881154,43.3983222796
25.5609407904,33.3820635243,-0.321246852687,40.109636399
23.592463205,36.1272450673,2.11099741347,40.2109505184
26.0039856196,29.1324266103,1.48324167963,38.5922646379
22.2055080343,27.0076081533,0.735485945794,37.1535787573
17.2270304489,28.9027896963,0.167730211955,32.4348928768
11.9085528635,25.1679712392,4.24997447811,27.5962069962
16.2600752781,38.5331527822,7.10221874428,29.6675211156
11.9315976927,10.1283343252,0.274463010433,20.1188352351
7.57312010736,16.4035158682,2.95670727659,19.6901493545
11.414642522,17.7186974112,3.72895154275,19.301463474
2.0761649366,18.3438789542,7.12119580892,19.4327775934
0.887687351227,15.7990604972,6.84344007508,19.1540917128
3.81920976585,6.81424204016,4.30568434124,14.9854058323
5.58073218047,10.9694235831,7.0979286074,12.7867199517
5.85225459509,14.8146051261,7.11017287355,12.9580340711
-0.026222990291,9.59978666912,6.14241713972,5.97934819058
-0.694700575667,-2.4450317879,4.56466140588,4.32066231002
-3.51317816104,-8.59985024491,-1.70309432796,-0.218023570545
-1.61165574642,-4.01466870192,-0.520850061805,-1.43670945111
1.8098666682,-4.30948715894,-0.618605795644,-1.93539533167
0.581389082821,-7.77430561595,0.293638470517,-0.534081212234
-0.91708850256,-3.25912407297,3.16588273668,-2.69276709279
2.18443391207,-13.18394253,0.368127002836,-11.1714529734
-6.53404367331,-12.068760987,-2.389628731,-14.4401388539
-8.18252125869,-9.94357944401,-0.167384464843,-10.4188247345
-2.64099884407,-14.598397901,-1.71514019868,-12.397510615
-6.18947642945,-1.36321635803,3.14710406748,-6.2961964956
-4.17795401483,-3.35803481505,1.50934833363,-5.81488237617
-7.89643160021,-0.29285327206,1.6815925998,-5.64356825673
-2.17490918558,-1.05767172907,-0.876163134044,-6.50225413729
0.196613229036,-10.6224901861,-0.573918867884,-9.92094001785
1.04813564366,-6.6273086431,-0.891674601724,-5.72962589842
-7.96034194171,-1.59212710011,2.03056966444,-7.09831177898
-9.6388195271,-10.7869455571,0.0728139305975,-18.4169976595
-10.3272971125,-11.9917640141,-0.304941803244,-21.2656835401
-10.8157746979,-16.7765824712,-5.25269753708,-21.7643694207
-15.5842522832,-15.0114009282,-2.18045327092,-20.7830553012
-12.4727298686,-15.2362193852,0.181790995237,-15.4317411818
-11.381207454,-5.27103784219,2.5240352614,-13.1504270624
-15.9796850394,-5.96585629921,2.89627952756,-15.1091129429
-13.6981626247,-4.71067475622,1.56852379372,-14.1077988235
-15.5766402101,-13.5854932132,0.570768059877,-16.956484704
-13.7651177955,-9.55031167025,0.543012326038,-14.9951705846
-14.9935953809,-16.3451301273,-3.1247434078,-17.3238564652
-5.76207296626,-13.4599485843,-4.63249914164,-14.2525423457
-6.99055055164,-13.7947670413,-4.17025487548,-17.3112282263
-11.889028137,-9.9295854983,-2.96801060932,-15.2199141068
-7.61750572239,-2.42440395531,1.46423365684,-10.8285999874
-7.34598330777,-10.7192224123,-1.753522077,-12.107285868
-3.66446089315,-16.3540408693,-3.66127781084,-16.8259717485
-3.37293847853,-21.0888593264,-1.16903354468,-20.8846576291
-4.7114160639,-15.3736777834,-0.176789278523,-16.1933435097
-7.27989364928,-14.6284962404,-1.38454501236,-16.4020293902
-11.6183712347,-18.7933146974,-2.6023007462,-20.1407152708
-12.26684882,-15.3081331544,-1.42005648004,-19.6394011513
-14.0553264054,-14.6329516114,-1.67781221388,-20.1080870319
-16.2038039908,-18.2777700684,-2.71556794772,-21.0767729125
-8.95228157617,-20.6725885254,-4.33332368156,-18.965458793
-6.34075916155,-16.7674069825,-4.2510794154,-19.3241446736
-8.97923674693,-12.0222254395,0.95116485076,-16.3428305542
-7.99771433231,-20.7670438965,-3.81659088308,-20.2615164347
-11.8361919177,-20.6118623535,-4.47434661692,-21.8302023153
-13.8946695031,-12.0066808105,-3.41210235076,-16.1788881958
-4.91314708844,-12.4614992675,-3.1298580846,-18.0275740764
-11.4816246738,-18.6263177245,-5.20761381844,-22.146259957
-13.7601022592,-17.7811361816,-4.97536955228,-20.9849458375
-12.9985798446,-15.1659546386,-4.64312528612,-19.6936317181
-10.22705743,-14.8107730956,-5.10088101996,-16.0423175987
-11.0155350153,-9.0855915526,-1.3486367538,-11.1010034792
-11.2740126007,1.20958999039,3.24360751236,-7.13968935978
-1.35249018609,-14.6552284666,-3.38414822148,-13.3983752403
-2.92096777147,-21.5900469236,-5.29190395532,-17.6570611209
-6.84944535685,-13.7848653807,-1.24965968916,-19.4057470015
-8.28792294222,-4.35968383766,-2.357415423,-12.664432882
-1.2164005276,-14.0545022947,-6.36517115684,-13.6731187626
-3.45487811298,-17.0593207517,-6.23292689068,-15.2218046431
-2.78335569836,-12.0941392087,-3.36068262452,-5.66049052371
-2.24183328374,-8.96895766572,-3.23843835836,-8.37917640427
-0.770310869113,-4.20377612273,-4.2661940922,-8.22786228484
2.0412115455,-18.2185945797,-8.59394982604,-12.3865481654
-3.07726603987,-20.2334130368,-6.92170555988,-18.075234046
-5.57574362525,-10.1582314938,-4.69946129372,-13.1639199265
-6.40422121063,-2.40304995078,-2.21721702756,-8.05260580708
-3.47269879601,-14.5178684078,-5.9649727614,-15.3012916876
-1.97117638138,-15.5226868648,-4.60272849524,-10.8399775682
-5.05965396676,-6.78750532182,1.23951577092,-5.65866344877
-3.85813155214,-0.89232377884,1.86176003708,-7.07734932933
-7.22660913752,-11.2371422359,-3.57599569676,-11.2860352099
-8.1450867229,-4.49196069287,-1.8837514306,-7.49472109046
-8.77356430827,5.90322085012,3.97849283556,-5.73340697102
-5.53204189365,5.67840239311,4.04073710172,-6.05209285158
0.839480520968,-5.69641606391,0.662981367881,-4.25077873214
-0.838997064409,-3.73123452092,0.785225634041,-2.8894646127
3.90252535021,0.573947022067,-0.872530099799,-0.238150493264
2.09404776483,-1.84087143495,-1.98028583364,-1.40683637383
-0.0544298205459,-4.78568989196,0.251958432522,-1.32552225439
2.98709259408,-2.98050834897,-0.13579730132,-0.884208134954
-1.9713849913,4.26467319401,2.53644696484,-1.63289401551
-2.01986257668,3.829854737,1.608691231,1.35842010392
-4.22834016206,-0.524963720014,-0.519064502838,-0.0102657766365
-0.226817747436,5.13021782297,2.71317976332,5.7510483428
3.28470466718,21.425399366,8.40542402948,14.5523624622
10.2362270818,-2.91941909105,-0.562331704357,3.25367658167
10.2277494964,0.745762451934,-1.2900874382,4.22499070111
6.40927191105,9.32094399492,2.50215682796,11.6863048206
2.27079432568,11.7861255379,1.84440109412,10.29761894
1.27231674029,6.95130708089,1.19664536028,8.74893305943
-0.586160845083,14.2564886239,4.26888962644,17.9702471789
6.70536156954,2.75167016687,-2.6688661074,13.7815612983
8.60688398416,7.14685170985,-0.0866218412375,14.9128754177
9.78840639878,14.3720332528,2.83562242492,23.5641895372
7.2799288134,19.9572147958,5.10786669108,24.9155036566
11.331451228,14.2323963388,5.48011095724,17.5968177761
14.3729736426,14.9275778818,2.3023552234,20.2281318955
17.5244960573,20.4927594248,3.34459948956,23.5494460149
19.5160184719,17.8079409678,3.71684375572,22.0007601344
17.4775408865,19.3231225108,4.03908802188,23.2220742538
13.4090633011,22.1383040537,3.27133228804,22.4333883732
7.04058571576,23.8534855967,3.2635765542,23.3447024927
12.4521081304,16.6186671397,0.935820820363,21.8860166121
10.993630545,20.0338486827,4.03806508652,25.3173307316
5.16515295962,25.4590302257,5.06030935268,27.258644851
11.7766753742,20.2942117687,3.15255361884,26.8699589704
14.8681977889,24.9893933117,2.694797885,25.4812730899
17.7897202035,25.4845748547,2.63704215116,27.7325872093
4.22746002908,2.61934593024,8.76150072674,8.91486918603
1.87500371956,-12.0436445076,5.48903368774,-2.26398210036
5.20254741005,-10.2066349455,4.63656664873,-0.342833386756
5.88009110054,-2.91962538339,5.48409960973,5.95831532685
7.95763479102,0.97738417873,6.35163257073,6.40946404045
2.60517848151,6.52439374085,6.38916553172,7.99061275406
2.482722172,-6.97859669702,1.35669849272,-0.0782385323328
1.61026586248,-7.1915871349,-1.44576854629,-2.53708981872
-0.432190447027,-13.3345775728,-3.28823558529,-8.68594110512
-1.73464675654,-10.4975680107,-1.48070262429,-5.84479239152
-0.357103066053,-3.92055844854,-0.143169663297,-2.20364367791
0.620440624432,-7.60354888641,-0.525636702301,-1.5324949643
7.31798431492,-8.91653932429,-0.778103741304,-2.6513462507
4.78552800541,-3.52952976217,2.14942921969,1.20980246291
3.68307169589,-2.65252020005,0.956962180688,1.81095117651
4.01061538638,2.66448936208,0.644495141683,4.09209989012
3.21815907687,-3.3385010758,-2.98797189732,-1.00675139627
10.4757027674,-4.97149151368,-2.72043893632,0.604397317329
2.53324645784,-2.17448195156,-0.912905975327,0.285546030937
2.19079014833,0.262527610565,-2.64537301433,-2.37330525546
7.94833383882,-10.1204628273,-5.37784005334,-4.20215654185
3.8758775293,-1.65345326519,-0.77030709234,-0.251007828247
8.18342121979,-2.02644370307,1.25722586866,-2.57985911464
6.94096491028,7.45056585905,4.49475882965,2.32128959896
1.65850860077,9.80757542117,2.81229179065,2.92243831257
2.16605229125,6.9445849833,4.18982475165,3.23358702618
1.91359598174,5.38159454542,4.56735771264,3.67473573978
-1.59886032777,6.88860410754,5.20489067364,2.15588445339
-1.29131663729,4.27561366966,1.78242363464,-1.402966833
0.8462270532,-0.837376768213,0.819956595629,-2.2718181194
-3.52622925631,4.43963279391,3.35748955663,0.429330594205
-5.96868556583,1.06664235603,2.64502251762,-5.58952069219
-7.31114187534,2.79365191815,2.68255547862,-7.41837197858
-10.4235981849,1.79066148028,2.63008843962,-5.49722326498
-3.10605449436,9.6376710424,2.60762140061,0.983925448629
-6.77851080388,-6.20531939548,-2.34484563839,-5.27492583777
-5.33096711339,3.81169016664,0.802687322604,-1.03377712416
-5.4934234229,-3.36130027124,-1.4297797164,-5.88262841055
-3.93587973242,-3.71429070911,-4.8622467554,-4.30147969695
-5.61833604193,-0.247281146991,-4.46471379441,-3.49033098334
-6.32079235144,1.00972841513,-2.07718083341,-7.11918226974
-3.58324866095,0.276737977252,-2.09964787241,-3.62803355613
-4.07570497047,7.05374753938,0.147885088581,-0.656884842527
-5.31816127998,2.6007571015,-2.55458195042,0.724263871081
-8.94061758949,-0.54223333638,-2.13704898943,-3.27458741532
-11.073073899,1.38477622574,-0.23951602843,-4.44343870171
-8.42553020852,-0.808214212137,-0.831983067434,-5.4722899881
-8.65798651803,-2.16120465001,-2.62445010644,-7.6411412745
-5.20044282755,0.275804912109,-3.85691714544,-3.81999256089
-4.33289913706,0.682814474232,-5.66938418444,-1.87884384729
-0.475355446571,0.409824036353,-5.18185122345,-1.60769513368
-10.1178117561,-1.28316640152,-3.15431826245,-7.55654642007
-3.9702680656,-3.0661568394,-3.82678530146,-3.26539770647
-3.26272437511,2.17085272272,-2.46925234046,-2.01424899286
-5.23518068462,-1.04213771516,-2.88171937946,-2.91310027926
-5.26763699414,3.31487184696,-1.67418641847,-1.64195156565
-2.89009330365,2.29188140909,-0.536653457471,0.799197147957
-7.72254961316,-0.0711090287914,-2.15912049648,2.20034586156
-8.55500592267,0.685900533332,-2.52158753548,1.24149457517
-4.35746223219,5.61291009545,0.115945425518,4.97264328877
-3.4099185417,2.43991965758,-1.38652161349,5.24379200238
-7.59237485121,-4.2230707803,-5.67898865249,-0.145059284016
-8.60483116073,0.67393878182,-2.65145569149,-1.67391057041
-3.76728747024,-0.259051656058,-2.3439227305,2.2372381432
1.46025622025,6.71795790606,0.383610230499,5.6983868568
-6.73220008926,4.55496746819,-0.738856808506,2.85953557041
-8.61465639878,-0.428022969691,-0.59132384751,0.690684284011
-5.01711270829,5.42898659243,2.02620911349,2.37183299762
-4.6095690178,-2.96400384545,-2.36625792552,-0.447018288778
-0.742025327316,6.67300571668,-2.05872496452,6.14413042483
-1.84448163683,1.8000152788,-2.95119200353,4.19527913844
-2.45693794634,-1.90297515908,-2.80365904253,-1.19357214796
3.06060574414,3.26403440304,-0.616126081532,0.637576565648
-4.84185056537,5.61104396517,1.79140687947,-0.541274720745
0.555693125119,5.65805352729,1.06893984046,2.98987399286
-0.766763184394,10.6250630894,2.31647280146,8.88102270647
3.76078050609,5.22207265153,0.144005762453,6.76217142007
11.8283241966,8.88908221365,-1.48846127655,14.4033201337
9.04586788707,11.4360917758,-0.490928315556,12.3444688473
5.50341157755,5.8731013379,-2.52339535456,6.15561756089
4.60095526804,-0.399889099979,-3.15586239356,2.86676627449
7.38849895853,1.90712046214,-2.19832943257,0.537914988097
2.66604264902,2.19413002427,-2.03079647157,-0.290936298294
2.3235863395,-9.79886041361,-7.46326351058,-2.92978758469
7.01113002999,9.17814914851,-3.33573054958,2.93136112892
6.08867372048,0.665158710632,-4.29819758858,-1.14749015748
6.68621741096,0.422168272755,-1.71066462758,2.27365855613
6.70376110145,1.94917783488,-1.65313166659,6.54480726973
6.92130479194,4.836187397,1.47440129441,5.17595598334
9.74884848242,2.84319695912,-0.588065744596,3.38710469694
3.10639217291,5.38020652124,-0.350532783601,5.24825341055
5.0839358634,12.6672160834,5.30700017739,10.9394021242
10.5114795539,2.34422564549,-0.695466861609,4.46055083776
7.32902324437,-1.02876479239,-1.16793390061,0.611699551369
2.91656693486,7.28824476973,3.58959906038,5.70284826497
5.83411062535,4.20525433186,1.01713202138,1.72399697858
3.82165431583,-1.41773610602,-0.0153350176242,-2.02485430782
6.26919800632,-5.1307265439,-0.0678020566284,-4.11370559421
1.83674169681,-0.583716981781,-0.0302690956305,-3.2425568806
5.18428538729,3.88329258034,-0.682736134635,-1.121408167
1.96182907778,-2.02969785754,-1.82520317364,-3.73025945339
7.64937276827,-0.0426882954125,0.522329787356,-1.07911073979
6.43691645875,8.43432126671,2.09986274835,5.83203797382
5.26446014924,-0.258669171168,-0.0926042906503,3.79318668743
7.56200383973,7.27834039095,3.05492867035,7.81433540103
7.66954753021,5.20534995308,3.20246163134,8.86548411464
7.9870912207,0.2723595152,1.33999459234,3.02663282824
7.58463491119,1.49936907732,-0.00247244666571,1.93778154185
4.60217860168,-3.39362136056,-1.97493948567,-0.501069744547
-1.73027770784,-2.96661179843,-1.44740652467,-2.17992103094
-3.77273401735,-5.05960223631,-0.799873563677,-3.27877231734
-0.245190326863,-7.05259267419,-2.39234060268,-4.59762360373
-2.08764663638,-2.14558311207,-0.694807641683,-1.42647489012
-4.53010294589,-0.518573549945,0.862725319314,-0.885326176518
1.8974407446,-2.88156398782,-1.30974171969,-2.39417746291
2.71498443509,0.655445574299,0.697791241304,3.44697125069
-3.36747187443,0.522455136423,3.2853242023,-0.961880035698
-4.01992818394,-9.73053530146,0.352857163298,-5.45073132209
-2.33238449345,-7.45352573933,3.12039012429,-0.119582608488
-4.35484080297,5.31348382279,9.65792308529,2.01156610512
1.36270288752,4.38049338491,7.04545604629,4.91271481873
-4.56975342199,-8.13249705297,5.45298900728,-5.07613646767
-5.24220973151,-10.1354874908,3.08052196828,-10.3349877541
-6.61466604102,-12.5084779287,-1.58194507073,-8.43383904046
-6.28712235053,-14.2014683666,-1.94441210973,-9.42269032685
-6.69957866005,-11.6044588045,0.913120851266,-7.07154161325
-9.12203496956,-9.31744924235,4.20065381226,-9.47039289964
-9.48449127907,-8.31043968024,4.52818677326,-7.65924418604
-13.342369186,-11.1720094477,12.2475472384,-10.2649527616
-14.0903805965,-11.290669978,11.0310676559,-12.8495585744
-12.1983920069,-16.9293305084,8.80458807338,-15.6941643873
-16.4064034174,-16.0779910387,11.6381084909,-16.6187702001
-11.4744148279,-16.6966515691,11.3216289084,-12.6733760129
-10.2124262383,-5.34531209943,14.8851493259,-9.60798182568
-8.18043764877,-4.50397262978,11.3686697434,-6.51258763849
-4.32844905923,-14.5826331601,6.85219016091,-6.7871934513
-5.78646046968,-8.22129369048,9.23571057842,-3.53179926411
-9.86447188014,-7.06995422084,7.79923099592,-7.10640507692
-8.7524832906,-11.0286147512,4.68275141343,-8.36101088973
-15.5304947011,-3.83727528154,7.93627183094,-6.69561670254
-13.3485061115,-4.71593581189,10.9497922484,-9.97022251535
-10.116517522,-8.85459634224,3.01331266595,-9.67482832816
-7.69452893242,-16.2232568726,-0.373166916546,-11.379434141
-7.47254034287,-4.22191740295,5.36035350096,-5.73403995377
-10.0305517533,-6.2205779333,0.173873918466,-5.18864576658
-6.10856316379,-7.62923846365,-0.302605664028,-2.43325157939
-7.18657457425,-2.717898994,0.110914753479,-0.717857392196
-6.3445859847,-3.77655952435,-0.725564829016,-5.74246320501
-7.40259739516,-5.3752200547,1.88795558849,-8.16706901781
-1.22060880562,-12.3038805851,-4.088523994,-7.86167483062
-5.62862021607,-2.52254111541,1.4449964235,-2.37628064343
-12.9966316265,-8.59120164576,0.168516841008,-10.0108864562
-9.00464303698,-6.66986217611,0.832037258515,-7.98549226905
-3.55265444744,-3.79852270646,-1.00444232398,-8.06009808186
-6.00066585789,-10.9771832368,-3.85092190647,-6.91470389467
-2.22867726835,0.0641562328346,0.992598511033,-2.13930970748
-0.536688678807,1.28549570248,-0.293881071462,0.506084479712
-0.394700089262,-0.223164827868,0.839639346044,-1.5785213331
-1.81271149972,-1.01182535822,0.633159763551,-1.4831271459
-3.47072291018,-9.78048588857,-5.34331981894,-4.95773295872
-1.88873432063,2.17085358108,-0.409799401437,-0.832338771525
-5.07674573109,-15.7178069493,-8.10627898393,-9.51694458433
-6.17475714154,-13.8464674796,-7.13275856643,-6.30155039714
0.00723144799849,0.964871990021,-2.88923814892,2.86384379005
1.93922003755,4.35621145967,-3.05571773141,2.56923797724
1.64120862709,-6.08244907068,-5.61219731391,-2.31536783557
3.40319721663,0.0788903989669,-5.1686768964,2.99002635162
2.67518580618,3.94022986862,-2.6551564789,5.21542053881
-3.34282560428,2.55156933826,-4.27163606139,4.18081472601
-1.65083701473,-2.79709119209,-7.69811564388,-3.43379108681
-4.04884842519,2.33424827756,-5.08459522638,0.111603100388
-7.74685983565,2.93558774721,-6.79107480887,-0.88300271242
-3.8648712461,-4.02307278314,-8.42755439136,-4.00760852523
-1.50288265656,3.00826668651,-6.69403397386,-0.842214338038
-2.38089406702,-2.90039384385,-8.85051355635,-1.85682015085
0.671094522528,2.3409456258,-4.80699313885,4.63857403634
0.323083112071,3.12228509545,-7.83347272134,3.28396822354
4.20507170161,-4.9563754349,-10.1399523038,-5.71063758927
4.08706029116,-2.41503596525,-8.22643188633,-4.47524340208
5.7790488807,8.51630350439,-5.64291146882,-0.799849214891
6.26103747025,5.35764297404,-5.93939105132,0.5755449723
3.05302605979,6.66898244369,-5.67587063381,4.12093915949
6.40501464934,8.60032191334,-7.7823502163,3.90633334668
8.87700323888,2.29166138299,-10.0088297988,1.37172753387
12.5589918284,10.4430008526,-7.86530938129,4.57712172106
14.220980418,9.65434032229,-11.6917889638,6.08251590826
12.9229690075,6.45567979193,-6.89826854628,3.88791009545
16.0149575971,18.0070192616,-3.41474812877,8.23330428264
15.2469461866,6.55835873123,-9.50122771127,7.41869846983
14.7689347761,12.8696982009,-7.43770729376,9.41409265702
14.9009233657,8.89103767053,-6.72418687626,7.39948684421
13.8629119552,15.2723771402,-2.01066645875,11.0748810314
14.9949005448,13.3037166098,-3.38714604124,11.9102752186
12.2368891343,21.7650560795,0.386374376261,15.0756694058
10.7088777239,9.77639554912,-5.93010520623,8.54106359297
10.2308663134,7.06773501877,-6.62658478873,7.11645778016
10.442854903,4.42907448842,-3.93306437122,7.35185196736
6.0148434925,12.8004139581,-4.75954395371,9.19724615455
7.94683208204,10.7417534277,-7.83602353621,8.40264034174
15.2288206716,24.7030928974,-0.102503118702,20.8180345289
15.4408092611,15.554432367,1.81101729881,18.7534287161
15.9227978507,20.3757718367,0.44453771631,19.4988229033
18.8247864402,12.8371113063,-2.61194186618,15.4842170905
16.3367750298,21.278450776,1.61157855132,23.3396112777
16.7987636193,25.9197902456,1.22509896883,24.3650054649
17.8207522088,17.1311297153,-2.87138061367,20.1203996521
15.9327407984,16.2324691849,-1.33786019616,20.0657938393
10.7347293879,14.8638086545,-0.344339778652,21.2411880265
10.8367179775,11.5051481242,-2.85081936115,16.6765822137
14.208706567,20.4164875938,1.41270105636,19.7619764008
13.6906951566,18.9578270635,1.67622147386,20.227370588
17.4726837461,8.32916653314,-2.76025810863,21.8927647752
22.8746723357,25.4405060028,2.06326230888,25.6981589624
25.5066609252,24.8618454724,5.91678272638,22.9435531496
20.2486495147,24.8731849421,-5.68969685611,23.3989473368
13.9106381043,13.7345244117,-0.216176438604,13.934341524
17.3026266938,5.16586388138,4.1973439789,11.6697357112
17.1346152834,6.70720335103,-2.06913560359,11.0551298984
18.1166038729,13.7385428207,2.53438481391,14.4405240856
18.0785924625,19.4998822903,1.20790523142,15.2959182728
18.860581052,20.50122176,4.91142564892,20.7413124599
15.7225696415,14.7925612296,5.84494606643,15.0767066471
8.85455823109,5.71390069927,5.00846648394,11.0621008343
6.82654682063,15.0952401689,5.58198690144,9.34749502152
13.0085354102,14.4365796386,8.16550731895,11.0628892087
8.15052399972,2.98791910822,4.08902773645,3.5182833959
8.57251258927,27.1692585779,4.93254815396,14.7736775831
7.66450117881,0.990598047514,0.586068571467,3.26907177028
6.96648976836,-7.66806248284,-1.27041101103,-3.37553404253
2.5584783579,-2.51672301319,0.0431094064788,-7.14013985534
-2.27953305256,-3.18538354354,2.53662982399,-3.33474566815
0.932455536989,-2.68404407389,2.44015024149,1.86064851904
0.544444126532,2.69729539576,6.073670659,6.14604270623
-2.03356728392,-3.8113651346,4.0371910765,-0.0785631065737
-0.861578694377,1.49997433505,2.86071149401,10.0968310806
-0.199590104836,1.1613138047,6.39423191152,2.04222526781
-3.21760151529,-18.6273467256,-2.22224767098,-11.402380545
-6.29561292575,-10.526007256,1.55127274653,-7.87698635781
-9.7836243362,0.445332213647,5.20479316403,-3.40159217062
-7.94163574666,-15.1133283167,-4.30168641846,-13.1561979834
-3.13964715712,5.21801115294,10.761833999,-3.51080379623
-5.00765856757,-2.37064937741,12.7153544166,-1.26540960904
-16.105669978,-32.2993099078,-6.04112516594,-19.8500154219
-18.0736813885,-17.9379704381,-4.77760474843,-18.4546212347
-21.2116927989,-20.1966309685,-1.58408433093,-18.3792270475
-23.4797042094,-18.4152914988,3.49943608657,-20.9338328603
-23.4377156199,-12.9039520292,4.41295650408,-18.7784386731
-24.2557270303,-29.6526125595,0.556476921587,-28.1730444859
-20.4437384408,-17.3412730899,3.9499973391,-19.6076502987
-26.7517498512,-26.3999336202,-1.2164822434,-26.4722561115
-24.1197612617,-23.8785941506,3.01703817411,-24.8768619243
-27.4177726721,-24.6672546809,6.01055859161,-25.8314677371
-32.0557840826,-27.1759152113,3.94407900912,-30.3760735499
-28.883795493,-33.3745757416,0.117599426625,-30.5506793628
-32.2718069035,-25.693236272,4.11111984413,-30.0652851756
-37.819818314,-31.9118968023,3.11464026164,-34.7498909884
-8.61018531977,-8.04724927325,-1.50773619186,-11.8055159884
-8.36573235213,-10.3723811745,-4.33459393884,-13.8524185417
-5.4912793845,-6.30751307567,-1.26145168582,-11.469321095
-7.24682641686,-5.79264497687,-1.3183094328,-13.0062236484
-3.23237344923,-1.94777687808,-3.35516717978,-7.3431262017
-6.51792048159,-14.6429087793,-7.95202492675,-13.790028755
-5.07346751396,-18.8180406805,-10.4188826737,-14.6769313084
-5.88901454633,-1.60317258171,-7.07574042071,-6.2838338617
-8.64456157869,-10.9883044829,-5.90259816769,-12.280736415
-4.25010861106,-7.43343638413,-3.38945591467,-3.21763896837
-6.18565564342,8.28143171466,2.12368633835,0.745458478297
-2.54120267579,-8.39370018655,-3.47317140863,-8.12144407503
-0.456749708159,1.44116791225,-1.1800291556,-4.79834662837
-1.35229674052,-13.283963989,-11.0468869026,-3.0052491817
-1.69784377289,-1.14909589017,-5.69374464956,-5.56215173503
-10.0633908053,-14.0642277914,-6.62060239654,-8.76905428836
-8.08893783762,-5.58935969259,-1.59746014352,-3.1459568417
-6.25448486999,-1.9244915938,0.665682109502,-0.922859395032
-2.74003190235,1.27037650499,-2.49117563747,0.110238051639
-3.23557893472,3.26524460379,0.131966615545,-0.416664501692
2.29887403292,17.4601127026,2.69510886857,9.07643294497
4.66332700055,9.12498080137,1.58825112159,7.96953039164
4.18777996818,15.5798489002,3.88139337461,7.90262783831
2.52223293582,9.16471699895,2.60453562763,3.44572528498
3.78668590345,-1.94041490226,-2.79232211935,1.82882273164
4.85113887109,14.7544531965,-0.0591798663263,9.17192017831
3.77559183872,8.43932129533,1.5439623867,8.21501762498
7.25004480635,5.53418939412,3.52710463972,12.1881150716
8.07449777399,17.0190574929,1.50024689274,12.3512125183
6.94895074162,6.8939255917,-0.54661085424,7.75430996498
4.81340370926,12.9287936905,-1.87346860122,9.95740741165
4.40785667689,13.3836617893,-1.7703263482,5.90050485831
4.15230964453,-12.4314701119,-5.46718409518,-0.146397695022
2.93676261216,2.79339798686,-1.27404184215,7.70669975165
-1.22878442021,8.01826608566,0.909100410867,11.2697971983
0.845668547427,6.45313418445,0.0922426638899,7.48289464498
3.54012151506,0.648002283238,-3.76461508309,3.04599209165
-0.805425517305,3.82287038203,-2.18147283007,7.83908953832
4.59902745033,10.0577384808,1.27166942295,9.21218698498
0.923480417961,5.97260657961,3.58481167598,6.42528443165
2.5179333856,-9.47252532159,-3.762046071,-2.79161812168
2.04238635323,-6.3676572228,-2.57890381798,-2.66852067502
3.39683932087,2.53721087599,-1.94576156496,8.64457677165
4.1112922885,-2.60792102522,-0.972619311939,1.19767421832
6.35574525614,-4.90305292643,-2.04947705892,3.15077166499
8.65019822377,10.0518151724,-2.6263348059,2.71386911165
-1.0753488086,-1.59331672885,-1.53319255288,2.33696655832
2.84910415904,-8.11844863006,-2.53005029985,4.52006400499
6.28355712667,3.43641946874,2.75309195317,11.6131614517
2.0280100943,7.28128756753,6.99623420619,9.54625889832
2.49246306194,6.41615566632,6.31937645921,6.46935634499
0.576916029575,-0.62897623489,5.68251871223,1.61245379166
1.24136899721,1.8058918639,3.79566096525,3.49555123832
6.21582196484,-1.58924003731,-0.911196781724,5.89864868499
7.33027493248,0.765628061485,1.8519454713,5.12174613166
6.18472790011,-5.66950383972,2.93508772432,3.05484357833
7.22918086774,-1.69463574093,2.96822997734,4.877941025
4.44363383538,-6.40976764214,2.82137223036,1.49103847166
6.95808680301,-0.104899543352,5.25451448338,3.84413591833
0.472539770642,14.4499685554,11.2976567364,8.847233365
3.27699273828,-3.34516334577,5.37079898942,4.49033081166
-0.678554294085,-7.65029524698,1.17394124245,-2.02657174167
-4.60410132645,-7.22542714819,1.27708349547,-4.273474295
-0.0496483588176,-7.63055904939,0.490225748488,-6.07037684833
0.344804608816,9.2043090494,6.42336800151,3.88272059833
-3.75074242355,-7.98082285181,1.87651025453,-5.624181955
1.09371054408,7.61404524698,3.35965250755,3.36891549167
-2.67183648828,0.738913345771,5.72279476058,-3.03798706167
-3.12738352065,-7.15621855544,2.0259370136,-4.074889615
1.64706944699,-1.90135045665,5.52907926662,1.98820783167
2.26152241462,10.0835176421,6.61222151964,9.18130527834
0.245975382255,-2.07161425906,2.57536377266,1.724402725
10.8104283499,3.13325383973,3.54850602568,2.17750017167
8.14488131752,2.50812193852,8.9916482787,2.06059761834
3.09933428516,9.06299003731,9.78479053172,0.0736950650062
1.26378725279,-3.1621418639,4.61793278475,-3.02320748832
-0.201759779575,0.372726234893,6.91107503777,0.29988995834
-1.90730681194,6.80759433368,7.01421729079,-0.477012594991
-0.412853844304,13.6924624325,8.16735954381,3.00608485167
1.65159912333,10.7673305313,8.22050179683,0.689182298342
2.34605209096,3.75219863006,9.61364404985,-2.42772025499
4.5005050586,-4.58293327115,-5.34321369712,-4.85462280833
1.96495802623,-4.73806517236,-0.620071444104,-4.02152536166
-0.010589006135,5.09680292643,4.87307080892,0.171572085012
3.9238639615,10.8416710252,8.05621306194,4.82466953168
-1.49168307087,-2.84346087599,3.19935531496,-3.59223302166
-6.62723010324,-0.888592777193,3.32249756798,-4.08913557499
-12.3327771356,-9.4037246784,0.295639821004,-11.4560381283
-6.18832416796,-8.48885657961,-0.271217925974,-13.0829406817
0.106128799671,-0.95398848082,0.0719243270469,-5.70984323498
-1.7394182327,1.77087961797,4.80506658007,-1.41674578832
-3.55496526506,0.725747716764,2.46820883309,-5.85364834165
-0.640512297428,-8.10938418444,1.12135108611,-6.73055089498
-5.15605932979,-0.594516085655,6.40449333913,-3.95745344831
-5.75160636216,4.71035201314,7.26763559215,1.19564399835
-1.23715339453,5.69522011193,6.94077784518,0.228741445018
-5.94270042689,-5.03991178928,-1.4060799018,-9.84816110831
-2.90824745926,-16.2750436905,-5.52293764878,-10.0550636616
0.146205508376,1.9398244083,0.88020460424,1.07803378502
-0.0893415239916,6.79469250709,5.47334685726,4.80113123169
-2.55488855635,0.779560605884,-0.593510889717,1.10422867836
3.57956441128,3.19442870468,3.05963136331,5.64732612502
3.37401737891,3.05929680347,2.52277361633,1.57042357169
-0.721529653456,1.92416490226,-0.284084130653,-3.29647898164
-0.867076685823,-2.61096699895,0.0590581223696,-8.02338153498
3.81737628181,-4.50609890016,-0.19779962461,-4.12028408831
-0.0781707505521,-16.6912308014,-7.69465737159,-9.27718664164
-4.46371778292,-8.10636270258,-4.46151511857,-6.78408919497
-4.49926481528,0.188505396216,-5.29837286555,-2.46099174831
-6.35481184765,-6.49662650499,-10.2052306125,-6.89789430164
-7.93035888001,-3.5617584062,-0.0420883595034,-11.244796855
-4.33590591238,-16.5068903074,-7.75894610648,-8.40169940831
1.01854705525,-18.0020222086,-9.67580385346,-5.92860196164
2.17300002289,-14.1371541098,-7.20266160044,-6.25550451497
3.72745299052,4.03771398896,-3.11951934742,-3.0724070683
1.21190595816,7.30258208776,-1.4763770944,-2.04930962163
1.87635892579,-13.9725498135,-10.4532348414,-1.19621217497
2.25081189342,-7.15768171466,-7.40009258835,0.936885271698
3.35526486106,5.16718638413,-3.40695033533,6.19998271836
-3.24028217131,21.9920544829,2.10619191769,10.813080165
2.18417079632,-17.1630774183,-8.39066582929,-0.283822388297
-1.80137623604,-2.2982093195,-12.4875235763,-1.81072494163
-8.22692326841,16.2966587793,-3.28438132324,2.42237250504
-2.82247030077,-4.88847312192,-6.78123907022,2.2954699517
-4.57801733314,3.67639497688,-6.3280968172,3.06856739837
-1.8335643655,1.04126307567,-2.96495456418,0.861664845037
-0.949111397869,12.4861311745,0.228187688841,13.4147622917
4.02534156977,14.5209992733,-1.32867005814,13.2678597384
8.56847747094,33.7729069767,-8.91673328489,17.7174890988
12.9676771368,38.4242010106,-4.80579432568,24.8755158453
12.5868768026,19.9654950444,-3.81485536647,20.8735425918
